﻿<?xml version="1.0" encoding="utf-8"?>
<Feature xmlns="http://schemas.microsoft.com/sharepoint/" Title="NorthwindModel Feature1" AlwaysForceInstall="TRUE" Id="87b57efe-2b0f-4417-a4aa-719bd6fa7575" ReceiverAssembly="Microsoft.Office.SharePoint.ClientExtensions, Version=15.0.0.0, Culture=neutral, PublicKeyToken=71e9bce111e9429c" ReceiverClass="Microsoft.Office.SharePoint.ClientExtensions.Deployment.ImportModelReceiver" Scope="Farm">
  <ElementManifests>
    <ElementFile Location="NorthwindModel\NorthwindModel.bdcm" />
    <ElementFile Location="BdcAssemblies\NorthwindModel.dll" />
  </ElementManifests>
  <Properties>
    <Property Key="IncrementalUpdate" Value="true" />
    <Property Key="ModelFileName" Value="NorthwindModel\NorthwindModel.bdcm" />
    <Property Key="NorthwindModel" Value="BdcAssemblies\NorthwindModel.dll" />
    <Property Key="SiteUrl" Value="http://team.contoso.com" />
  </Properties>
</Feature>
